Occupation - Unit group - National Occupational Classification (NOC) 2021 (821A) 9,Total - Gender,Men+ 10,Women+ 11
Total - Occupation - Unit group - National Occupational Classification (NOC) 2021 12,"3,375,130","1,675,855","1,699,275"
Occupation - not applicable 13,"953,020","401,960","551,055"
All occupations 14,"2,422,110","1,273,895","1,148,215"
0 Legislative and senior management occupations,"24,445","17,320","7,125"
00 Legislative and senior managers,"24,445","17,320","7,125"
000 Legislative and senior managers,"24,445","17,320","7,125"
0001 Legislative and senior managers,"24,445","17,320","7,125"
00010 Legislators,"1,165",610,550
00018 Seniors managers - public and private sector 15,"23,285","16,710","6,580"
"1 Business, finance and administration occupations","403,300","117,240","286,065"
"10 Specialized middle management occupations in administrative services, financial and business services and communication (except broadcasting)","43,725","20,185","23,540"
"100 Specialized middle management occupations in administrative services, financial and business services and communication (except broadcasting)","43,725","20,185","23,540"
1001 Administrative services managers,"21,425","9,455","11,970"
10010 Financial managers,"6,970","2,720","4,250"
10011 Human resources managers,"5,785","2,070","3,710"
10012 Purchasing managers,"3,460","2,215","1,245"
10019 Other administrative services managers,"5,210","2,445","2,755"
1002 Managers in financial and business services,"21,180","9,930","11,245"
"10020 Insurance, real estate and financial brokerage managers","3,580","2,055","1,520"
"10021 Banking, credit and other investment managers","7,015","3,335","3,680"
"10022 Advertising, marketing and public relations managers","7,635","3,040","4,590"
10029 Other business services managers,"2,950","1,500","1,455"
1003 Managers in communication (except broadcasting),"1,125",795,325
10030 Telecommunication carriers managers,"1,125",795,325
11 Professional occupations in finance and business,"82,695","35,730","46,965"
111 Professional occupations in finance,"46,865","22,145","24,720"
"1110 Auditors, accountants and investment professionals","46,865","22,145","24,720"
11100 Financial auditors and accountants,"27,920","11,940","15,980"
11101 Financial and investment analysts,"3,995","2,395","1,600"
11102 Financial advisors,"10,950","5,655","5,300"
"11103 Securities agents, investment dealers and brokers","1,570","1,165",405
11109 Other financial officers,"2,425",990,"1,435"
112 Professional occupations in business,"35,830","13,590","22,245"
1120 Human resources and business service professionals,"35,830","13,590","22,245"
11200 Human resources professionals,"9,915","2,300","7,615"
11201 Professional occupations in business management consulting,"11,535","6,585","4,950"
"11202 Professional occupations in advertising, marketing and public relations","14,385","4,705","9,680"
12 Administrative and financial supervisors and specialized administrative occupations,"63,510","16,450","47,055"
120 Administrative and financial supervisors,"9,135","4,120","5,010"
1201 Administrative and financial supervisors,"9,135","4,120","5,010"
"12010 Supervisors, general office and administrative support workers","3,100","1,105","2,000"
"12011 Supervisors, finance and insurance office workers","2,055",295,"1,760"
"12012 Supervisors, library, correspondence and related information workers",415,135,280
"12013 Supervisors, supply chain, tracking and scheduling coordination occupations","3,560","2,585",975
121 Specialized administrative occupations,"25,495","7,080","18,415"
1210 Administrative and regulatory occupations,"22,345","6,585","15,760"
12100 Executive assistants,"5,055",340,"4,715"
12101 Human resources and recruitment officers,"3,585",985,"2,600"
12102 Procurement and purchasing agents and officers,"8,575","3,730","4,845"
12103 Conference and event planners,"2,395",570,"1,825"
12104 Employment insurance and revenue officers,"2,730",960,"1,770"
"1211 Court reporters, transcriptionists, records management technicians and statistical officers","3,150",490,"2,655"
"12110 Court reporters, medical transcriptionists and related occupations","1,415",105,"1,310"
12111 Health information management occupations,575,40,535
12112 Records management technicians,590,140,450
12113 Statistical officers and related research support occupations,565,205,365
"122 Accounting, insurance and related business administrative occupations","28,880","5,250","23,630"
"1220 Accounting, insurance and related business administrative occupations","28,880","5,250","23,630"
12200 Accounting technicians and bookkeepers,"22,320","2,320","20,000"
12201 Insurance adjusters and claims examiners,"3,120","1,235","1,885"
12202 Insurance underwriters,"1,755",535,"1,215"
"12203 Assessors, business valuators and appraisers","1,690","1,160",530
13 Administrative occupations and transportation logistics occupations,"93,420","12,090","81,330"
131 Administrative occupations,"87,605","8,895","78,710"
"1310 Administrative, property and payroll officers","46,135","6,830","39,310"
13100 Administrative officers,"34,785","4,070","30,715"
13101 Property administrators,"5,885","2,315","3,570"
13102 Payroll administrators,"5,470",445,"5,025"
"1311 Office administrative assistants - general, legal and medical","41,465","2,065","39,400"
13110 Administrative assistants,"30,430","1,535","28,900"
13111 Legal administrative assistants,"6,300",355,"5,945"
13112 Medical administrative assistants,"4,735",185,"4,555"
132 Transportation and production logistics coordinators and customs brokers and related broker occupations,"5,820","3,195","2,620"
1320 Transportation and production logistics coordinators and customs brokers and related broker occupations,"5,820","3,195","2,620"
"13200 Customs, ship and other brokers",180,35,150
13201 Production and transportation logistics coordinators,"5,635","3,160","2,480"
14 Administrative and financial support and supply chain logistics occupations,"119,955","32,780","87,175"
"141 Office, court, and data support occupations","57,965","6,935","51,025"
1410 Office support and court services occupations,"49,455","4,955","44,495"
14100 General office support workers,"25,725","3,585","22,145"
14101 Receptionists,"22,080","1,125","20,955"
14102 Personnel clerks,975,165,805
14103 Court clerks and related court services occupations,675,85,590
"1411 Survey, statistical and data entry occupations","8,510","1,985","6,530"
14110 Survey interviewers and statistical clerks,"2,030",735,"1,300"
14111 Data entry clerks,"6,375","1,220","5,160"
14112 Desktop publishing operators and related occupations,105,35,70
"142 Financial, insurance and related administrative support workers","24,555","4,065","20,490"
"1420 Financial, insurance and related administrative support workers","24,555","4,065","20,490"
14200 Accounting and related clerks,"22,265","3,665","18,605"
"14201 Banking, insurance and other financial clerks","1,415",255,"1,160"
14202 Collection clerks,875,145,725
"143 Library, correspondence and other clerks","5,035",910,"4,120"
"1430 Library, correspondence and other clerks","5,035",910,"4,120"
14300 Library assistants and clerks,"1,930",300,"1,625"
"14301 Correspondence, publication and regulatory clerks","3,105",605,"2,495"
"144 Supply chain logistics, tracking and scheduling coordination occupations","32,400","20,860","11,535"
"1440 Supply chain logistics, tracking and scheduling coordination occupations","32,400","20,860","11,535"
14400 Shippers and receivers,"15,135","10,955","4,180"
14401 Storekeepers and partspersons,"7,230","5,170","2,065"
14402 Production logistics workers,905,450,460
14403 Purchasing and inventory control workers,"4,310","2,165","2,145"
14404 Dispatchers,"4,330","1,895","2,440"
14405 Transportation route and crew schedulers,485,235,245
2 Natural and applied sciences and related occupations,"192,305","147,700","44,610"
"20 Specialized middle management occupations in engineering, architecture, science and information systems","14,285","10,930","3,355"
"200 Specialized middle management occupations in engineering, architecture, science and information systems","14,285","10,930","3,355"
"2001 Managers in engineering, architecture, science and information systems","14,285","10,930","3,355"
20010 Engineering managers,"5,460","4,490",965
20011 Architecture and science managers,"1,595",910,680
20012 Computer and information systems managers,"7,235","5,525","1,710"
21 Professional occupations in natural and applied sciences,"104,845","78,795","26,045"
211 Professional occupations in natural sciences,"15,630","9,465","6,160"
2110 Physical science professionals,"6,020","4,270","1,750"
21100 Physicists and astronomers,165,135,30
21101 Chemists,"1,745","1,045",705
21102 Geoscientists and oceanographers,"3,905","2,945",960
21103 Meteorologists and climatologists,115,95,15
21109 Other professional occupations in physical sciences,90,50,40
2111 Life science professionals,"5,530","2,805","2,730"
21110 Biologists and related scientists,"3,810","1,720","2,085"
21111 Forestry professionals,480,325,155
"21112 Agricultural representatives, consultants and specialists","1,245",760,485
2112 Public and environmental health and safety professionals,"4,080","2,395","1,685"
21120 Public and environmental health and safety professionals,"4,080","2,395","1,685"
212 Professional occupations in applied sciences (except engineering),"48,420","35,480","12,935"
"2120 Architects, urban planners and land surveyors","5,775","3,980","1,795"
21200 Architects,"1,240",850,390
21201 Landscape architects,190,130,60
21202 Urban and land use planners,"3,075","1,830","1,250"
21203 Land surveyors,"1,275","1,170",100
"2121 Mathematicians, statisticians, actuaries and data scientists","1,940","1,255",690
"21210 Mathematicians, statisticians and actuaries",530,310,220
21211 Data scientists,"1,415",945,465
2122 Computer and information systems professionals,"21,090","14,520","6,570"
21220 Cybersecurity specialists,"1,020",795,225
21221 Business systems specialists,"3,490","1,865","1,625"
21222 Information systems specialists,"14,115","10,520","3,590"
21223 Database analysts and data administrators,"2,470","1,340","1,135"
"2123 Computer, software and Web designers and developers","19,605","15,725","3,880"
21230 Computer systems developers and programmers,"2,230","1,795",435
21231 Software engineers and designers,"4,880","4,100",775
21232 Software developers and programmers,"7,640","6,410","1,230"
21233 Web designers,"1,125",615,505
21234 Web developers and programmers,"3,735","2,805",925
213 Professional occupations in engineering,"40,795","33,840","6,950"
2130 Civil and mechanical engineers,"19,120","16,055","3,065"
21300 Civil engineers,"10,435","8,410","2,030"
21301 Mechanical engineers,"8,685","7,650","1,040"
"2131 Electrical, electronics and computer engineers","9,145","7,905","1,230"
21310 Electrical and electronics engineers,"7,055","6,110",945
21311 Computer engineers (except software engineers and designers),"2,090","1,800",290
2132 Manufacturing and processing engineers,"6,220","4,700","1,525"
21320 Chemical engineers,"3,715","2,735",985
21321 Industrial and manufacturing engineers,"1,850","1,435",415
21322 Metallurgical and materials engineers,655,530,125
2133 Natural resources engineers,"5,895","4,830","1,065"
21330 Mining engineers,550,455,95
21331 Geological engineers,740,585,155
21332 Petroleum engineers,"4,610","3,795",810
2139 Other engineers,415,355,65
21390 Aerospace engineers,145,140,0
21399 Other professional engineers,275,215,60
22 Technical occupations related to natural and applied sciences,"73,180","57,975","15,210"
221 Technical occupations related to natural sciences,"8,990","5,975","3,015"
2210 Technical occupations in physical sciences,"3,670","2,545","1,120"
22100 Chemical technologists and technicians,"1,505",825,680
22101 Geological and mineral technologists and technicians,"2,160","1,720",440
2211 Technical occupations in life sciences,"5,320","3,430","1,890"
22110 Biological technologists and technicians,"1,020",475,545
22111 Agricultural and fish products inspectors,465,305,155
22112 Forestry technologists and technicians,480,350,125
22113 Conservation and fishery officers,280,220,60
22114 Landscape and horticulture technicians and specialists,"3,070","2,070","1,000"
222 Technical occupations related to applied sciences (except engineering),"34,185","25,445","8,745"
"2221 Technical occupations in architecture, drafting, surveying, geomatics and meteorology","9,515","6,495","3,020"
22210 Architectural technologists and technicians,"1,525",890,635
22211 Industrial designers,740,450,290
22212 Drafting technologists and technicians,"5,010","3,485","1,525"
22213 Land survey technologists and technicians,545,495,50
22214 Technical occupations in geomatics and meteorology,"1,695","1,170",525
2222 Technical occupations in computer and information systems,"12,620","9,800","2,825"
22220 Computer network and web technicians,"6,380","5,400",980
22221 User support technicians,"5,615","4,040","1,575"
22222 Information systems testing technicians,630,355,275
2223 Technical inspectors and regulatory officers,"12,045","9,150","2,895"
22230 Non-destructive testers and inspectors,"3,145","2,845",300
22231 Engineering inspectors and regulatory officers,"1,340",990,345
22232 Occupational health and safety specialists,"4,130","2,475","1,655"
22233 Construction inspectors,"3,440","2,840",595
223 Technical occupations related to engineering,"30,010","26,560","3,450"
"2230 Technical occupations in civil, mechanical and industrial engineering","12,990","10,815","2,165"
22300 Civil engineering technologists and technicians,"3,480","2,705",775
22301 Mechanical engineering technologists and technicians,"3,130","2,935",195
22302 Industrial engineering and manufacturing technologists and technicians,"1,445","1,175",265
22303 Construction estimators,"4,930","4,005",925
2231 Technical occupations in electronics and electrical engineering,"17,025","15,740","1,285"
22310 Electrical and electronics engineering technologists and technicians,"4,960","4,390",570
22311 Electronic service technicians (household and business equipment),"7,535","7,015",525
22312 Industrial instrument technicians and mechanics,"3,870","3,735",125
"22313 Aircraft instrument, electrical and avionics mechanics, technicians and inspectors",660,595,60
3 Health occupations,"193,895","36,120","157,780"
30 Specialized middle management occupations in health care,"4,260",985,"3,270"
300 Specialized middle management occupations in health care,"4,260",985,"3,270"
3001 Managers in health care,"4,260",985,"3,270"
30010 Managers in health care,"4,260",985,"3,270"
31 Professional occupations in health,"84,705","19,100","65,610"
311 Health treating and consultation services professionals,"26,655","12,285","14,370"
3110 Physicians and veterinarians,"14,225","7,690","6,530"
31100 Specialists in clinical and laboratory medicine,"4,270","2,575","1,695"
31101 Specialists in surgery,"1,215",830,385
31102 General practitioners and family physicians,"7,190","3,665","3,525"
31103 Veterinarians,"1,545",620,925
"3111 Dentists, optometrists and audiologists","5,335","2,290","3,040"
31110 Dentists,"2,830","1,785","1,040"
31111 Optometrists,840,410,430
31112 Audiologists and speech-language pathologists,"1,660",95,"1,570"
3112 Pharmacists and dietitians,"7,100","2,300","4,800"
31120 Pharmacists,"5,785","2,255","3,535"
31121 Dietitians and nutritionists,"1,315",50,"1,270"
312 Therapy and assessment professionals,"12,060","3,035","9,020"
3120 Therapy and assessment professionals,"12,060","3,035","9,020"
31200 Psychologists,"3,415",670,"2,745"
31201 Chiropractors,"1,190",815,375
31202 Physiotherapists,"3,385",900,"2,480"
31203 Occupational therapists,"2,150",220,"1,930"
31204 Kinesiologists and other professional occupations in therapy and assessment,"1,510",300,"1,210"
31209 Other professional occupations in health diagnosing and treating,415,130,280
313 Nursing and allied health professionals,"45,995","3,780","42,215"
3130 Nursing and allied health professionals,"45,995","3,780","42,215"
31300 Nursing coordinators and supervisors,"1,260",145,"1,110"
31301 Registered nurses and registered psychiatric nurses,"43,875","3,540","40,335"
31302 Nurse practitioners,605,65,535
"31303 Physician assistants, midwives and allied health professionals",250,20,230
32 Technical occupations in health,"47,145","8,710","38,435"
321 Technical occupations in health (except practitioners of natural healing),"38,050","7,440","30,610"
3210 Technical occupations in therapy and assessment,"24,350","5,130","19,225"
32100 Opticians,"1,400",265,"1,130"
32101 Licensed practical nurses,"9,805",820,"8,985"
32102 Paramedical occupations,"4,985","2,940","2,050"
"32103 Respiratory therapists, clinical perfusionists and cardiopulmonary technologists","2,015",505,"1,510"
32104 Animal health technologists and veterinary technicians,"3,055",190,"2,870"
32109 Other technical occupations in therapy and assessment,"3,085",410,"2,675"
3211 Technical occupations in dental health care,"4,360",780,"3,580"
32110 Denturists,375,245,135
32111 Dental hygienists and dental therapists,"3,230",130,"3,095"
32112 Dental technologists and technicians,755,400,350
3212 Medical technologists and technicians,"9,345","1,535","7,805"
32120 Medical laboratory technologists,"2,795",435,"2,360"
32121 Medical radiation technologists,"2,685",490,"2,200"
32122 Medical sonographers,"1,090",175,915
32123 Cardiology technologists and electrophysiological diagnostic technologists,340,75,265
32124 Pharmacy technicians,"2,165",220,"1,945"
32129 Other medical technologists and technicians,260,140,120
322 Practitioners of natural healing,"9,095","1,270","7,825"
3220 Practitioners of natural healing,"9,095","1,270","7,825"
32200 Traditional Chinese medicine practitioners and acupuncturists,730,160,570
32201 Massage therapists,"7,775","1,015","6,760"
32209 Other practitioners of natural healing,590,100,495
33 Assisting occupations in support of health services,"57,790","7,325","50,465"
331 Assisting occupations in support of health services,"57,790","7,325","50,465"
3310 Assisting occupations in support of health services,"57,790","7,325","50,465"
33100 Dental assistants and dental laboratory assistants,"5,730",190,"5,545"
33101 Medical laboratory assistants and related technical occupations,"3,405",505,"2,900"
"33102 Nurse aides, orderlies and patient service associates","39,705","5,305","34,400"
33103 Pharmacy technical assistants and pharmacy assistants,"3,755",550,"3,210"
33109 Other assisting occupations in support of health services,"5,195",780,"4,410"
"4 Occupations in education, law and social, community and government services","267,785","88,015","179,770"
"40 Managers in public administration, in education and social and community services and in public protection services","15,715","6,245","9,470"
"400 Managers in public administration, in education and social and community services and in public protection services","15,715","6,245","9,470"
4001 Managers in public administration,"2,615","1,225","1,385"
40010 Government managers - health and social policy development and program administration,845,255,590
"40011 Government managers - economic analysis, policy development and program administration",995,580,415
40012 Government managers - education policy development and program administration,190,65,130
40019 Other managers in public administration,585,335,250
4002 Managers in education,"6,900","2,710","4,190"
40020 Administrators - post-secondary education and vocational training,"2,290",735,"1,550"
40021 School principals and administrators of elementary and secondary education,"4,610","1,970","2,640"
"4003 Managers in social, community and correctional services","4,305",845,"3,460"
"40030 Managers in social, community and correctional services","4,305",845,"3,460"
4004 Managers in public protection services,"1,900","1,460",435
40040 Commissioned police officers and related occupations in public protection services,120,60,55
40041 Fire chiefs and senior firefighting officers,330,305,20
40042 Commissioned officers of the Canadian Armed Forces,"1,455","1,095",355
"41 Professional occupations in law, education, social, community and government services","136,525","49,600","86,925"
411 Professional occupations in law,"11,280","6,590","4,695"
"4110 Judges, lawyers and Quebec notaries","11,280","6,590","4,695"
41100 Judges,310,185,125
41101 Lawyers and Quebec notaries,"10,975","6,405","4,570"
412 Professional occupations in education services,"79,960","25,915","54,045"
4120 University professors and post-secondary assistants,"20,405","9,630","10,775"
41200 University professors and lecturers,"8,225","4,335","3,890"
41201 Post-secondary teaching and research assistants,"12,175","5,290","6,890"
4121 College and other vocational instructors,"9,220","4,360","4,860"
41210 College and other vocational instructors,"9,220","4,360","4,860"
"4122 Secondary, elementary and kindergarten school teachers","50,335","11,925","38,405"
41220 Secondary school teachers,"14,525","6,205","8,325"
41221 Elementary school and kindergarten teachers,"35,815","5,730","30,085"
413 Professional occupations in social and community services,"20,100","6,415","13,685"
4130 Social and community service professionals,"15,130","5,100","10,030"
41300 Social workers,"7,445","1,205","6,235"
41301 Therapists in counselling and related specialized therapies,"3,470",650,"2,810"
41302 Religious leaders,"4,220","3,235",980
4131 Police investigators and probation officers,"1,050",500,550
41310 Police investigators and other investigative occupations,395,310,80
41311 Probation and parole officers,655,185,470
4132 Educational and employment counsellors,"3,925",820,"3,105"
41320 Educational counsellors,"2,770",510,"2,260"
41321 Career development practitioners and career counsellors (except education),"1,160",310,845
414 Professional occupations in government services,"25,180","10,680","14,500"
"4140 Policy and program researchers, consultants and officers","25,180","10,680","14,500"
"41400 Natural and applied science policy researchers, consultants and program officers","5,310","2,870","2,445"
41401 Economists and economic policy researchers and analysts,"2,075","1,200",875
41402 Business development officers and market researchers and analysts,"5,545","3,380","2,160"
"41403 Social policy researchers, consultants and program officers","3,560","1,120","2,440"
"41404 Health policy researchers, consultants and program officers","3,170",630,"2,540"
"41405 Education policy researchers, consultants and program officers","2,850",580,"2,270"
"41406 Recreation, sports and fitness policy researchers, consultants and program officers","1,130",335,795
41407 Program officers unique to government,930,340,585
41409 Other professional occupations in social science,605,225,385
"42 Front-line public protection services and paraprofessional occupations in legal, social, community, education services","62,800","19,340","43,470"
421 Occupations in front-line public protection services,"15,005","12,565","2,435"
4210 Occupations in front-line public protection services,"15,005","12,565","2,435"
42100 Police officers (except commissioned),"9,790","7,685","2,110"
42101 Firefighters,"5,050","4,755",295
42102 Specialized members of the Canadian Armed Forces,165,130,30
"422 Paraprofessional occupations in legal, social, community and education services","47,800","6,770","41,030"
"4220 Paraprofessional occupations in legal, social, community and education services","47,800","6,770","41,030"
42200 Paralegals and related occupations,"2,950",265,"2,690"
42201 Social and community service workers,"23,410","5,470","17,940"
42202 Early childhood educators and assistants,"19,720",600,"19,120"
42203 Instructors of persons with disabilities,695,85,610
42204 Religion workers,"1,025",350,675
43 Assisting occupations in education and in legal and public protection,"31,525","10,450","21,075"
431 Assisting occupations in educational,"21,955","3,065","18,885"
4310 Assisting occupations in education,"21,955","3,065","18,885"
43100 Elementary and secondary school teacher assistants,"17,310","1,040","16,270"
43109 Other instructors,"4,645","2,030","2,615"
432 Assisting occupations in legal and public protection,"9,575","7,380","2,195"
4320 Assisting occupations in legal and public protection,"9,575","7,380","2,195"
43200 Sheriffs and bailiffs,645,555,85
43201 Correctional service officers,"2,785","1,995",790
43202 By-law enforcement and other regulatory officers,900,525,375
"43203 Border services, customs, and immigration officers",615,260,350
43204 Operations members of the Canadian Armed Forces,"4,640","4,045",590
44 Care providers and legal and public protection support occupations,"18,790","2,240","16,555"
441 Home care provider occupations,"17,685","1,245","16,440"
4410 Home care provider occupations,"17,685","1,245","16,440"
44100 Home child care providers,"12,775",625,"12,150"
"44101 Home support workers, caregivers and related occupations","4,910",615,"4,295"
442 Primary combat members of the Canadian Armed Forces,"1,105",995,110
4420 Primary combat members of the Canadian Armed Forces,"1,105",995,110
44200 Primary combat members of the Canadian Armed Forces,"1,105",995,110
"45 Student monitors, crossing guards and related occupations","2,420",135,"2,285"
"451 Student monitors, crossing guards and related occupations","2,420",135,"2,285"
"4510 Student monitors, crossing guards and related occupations","2,420",135,"2,285"
"45100 Student monitors, crossing guards and related occupations","2,420",135,"2,285"
"5 Occupations in art, culture, recreation and sport","59,950","24,240","35,710"
"50 Specialized middle management occupations in art, culture, recreation and sport","3,195","1,555","1,640"
"500 Specialized middle management occupations in art, culture, recreation and sport","3,195","1,555","1,640"
"5001 Managers in art, culture, recreation and sport","3,195","1,555","1,640"
"50010 Library, archive, museum and art gallery managers",630,135,495
"50011 Managers - publishing, motion pictures, broadcasting and performing arts",695,380,315
"50012 Recreation, sports and fitness program and service directors","1,870","1,035",835
51 Professional occupations in art and culture,"12,700","5,075","7,625"
511 Professional occupations in art and culture,"12,700","5,075","7,625"
"5110 Librarians, archivists, conservators and curators","1,280",245,"1,035"
51100 Librarians,970,150,820
51101 Conservators and curators,205,65,140
51102 Archivists,100,30,75
"5111 Writing, translating and related communications professionals","5,510","1,955","3,555"
51110 Editors,990,260,730
51111 Authors and writers (except technical),"2,060",830,"1,235"
51112 Technical writers,895,280,620
51113 Journalists,790,360,430
"51114 Translators, terminologists and interpreters",780,225,555
5112 Creative and performing artists,"5,910","2,880","3,030"
"51120 Producers, directors, choreographers and related occupations","1,825","1,215",605
"51121 Conductors, composers and arrangers",240,150,90
51122 Musicians and singers,"3,845","1,510","2,335"
"52 Technical occupations in art, culture and sport","15,700","6,355","9,345"
521 Technical occupations in art and culture,"15,700","6,355","9,345"
5210 Technical occupations in libraries and public archives,"1,325",125,"1,200"
52100 Library and public archive technicians,"1,325",125,"1,200"
"5211 Technical occupations in motion pictures, broadcasting and the performing arts","4,770","3,010","1,755"
52110 Film and video camera operators,530,470,60
52111 Graphic arts technicians,345,235,110
52112 Broadcast technicians,235,195,45
52113 Audio and video recording technicians,"1,235","1,030",205
52114 Announcers and other broadcasters,565,385,175
"52119 Other technical and coordinating occupations in motion pictures, broadcasting and the performing arts","1,865",705,"1,155"
5212 Graphic and interior designers,"9,605","3,215","6,395"
52120 Graphic designers and illustrators,"6,575","2,845","3,730"
52121 Interior designers and interior decorators,"3,035",375,"2,665"
"53 Occupations in art, culture and sport","14,910","5,900","9,010"
531 Occupations in art and culture,"11,640","3,860","7,780"
5310 Occupations related to museums and art galleries,800,365,435
"53100 Registrars, restorers, interpreters and other occupations related to museum and art galleries",800,365,435
5311 Photographers and support occupations in arts and culture,"3,225","1,285","1,945"
53110 Photographers,"2,635",905,"1,730"
"53111 Motion pictures, broadcasting, photography and performing arts assistants and operators",590,380,210
5312 Occupations in creative and performing art,"7,615","2,215","5,400"
53120 Dancers,"1,420",150,"1,275"
"53121 Actors, comedians and circus performers","1,070",565,500
"53122 Painters, sculptors and other visual artists","2,100",610,"1,490"
"53123 Theatre, fashion, exhibit and other creative designers",740,185,555
53124 Artisans and craftspersons,"2,270",695,"1,575"
"53125 Patternmakers - textile, leather and fur products",15,10,10
532 Occupations in sports,"3,275","2,040","1,230"
"5320 Athletes, coaches, referees and related occupations","3,275","2,040","1,230"
53200 Athletes,600,495,105
53201 Coaches,"2,095","1,080","1,020"
53202 Sports officials and referees,575,465,110
54 Support occupations in sport,"12,770","5,090","7,675"
541 Support occupations in sport,"12,770","5,090","7,675"
"5410 Program leaders and instructors in recreation, sport and fitness","12,770","5,090","7,675"
"54100 Program leaders and instructors in recreation, sport and fitness","12,770","5,090","7,675"
55 Support occupations in art and culture,670,260,410
551 Support occupations in art and culture,670,260,410
5510 Support occupations in art and culture,670,260,410
55109 Other performers,670,260,410
6 Sales and service occupations,"601,000","255,480","345,515"
60 Middle management occupations in retail and wholesale trade and customer services,"85,125","48,480","36,645"
600 Middle management occupations in retail and wholesale trade and customer services,"85,125","48,480","36,645"
6001 Corporate sales managers,"8,080","5,610","2,470"
60010 Corporate sales managers,"8,080","5,610","2,470"
6002 Retail and wholesale trade managers,"52,675","30,770","21,910"
60020 Retail and wholesale trade managers,"52,675","30,770","21,910"
6003 Managers in food service and accommodation,"20,005","10,195","9,810"
60030 Restaurant and food service managers,"16,300","8,370","7,930"
60031 Accommodation service managers,"3,705","1,825","1,880"
6004 Managers in customer and personal services,"4,365","1,915","2,450"
60040 Managers in customer and personal services,"4,365","1,915","2,450"
62 Retail sales and service supervisors and specialized occupations in sales and services,"47,355","25,700","21,660"
620 Retail sales and service supervisors,"25,545","10,610","14,930"
6201 Retail sales supervisors,"9,550","3,875","5,675"
62010 Retail sales supervisors,"9,550","3,875","5,675"
6202 Service supervisors,"15,995","6,735","9,255"
62020 Food service supervisors,"10,285","4,065","6,220"
62021 Executive housekeepers,315,75,245
"62022 Accommodation, travel, tourism and related services supervisors","1,030",330,705
62023 Customer and information services supervisors,735,230,505
62024 Cleaning supervisors,"2,330","1,195","1,135"
62029 Other services supervisors,"1,295",850,450
621 Specialized sales occupations,"13,015","8,735","4,275"
6210 Technical sales specialists in wholesale trade and retail and wholesale buyers,"13,015","8,735","4,275"
62100 Technical sales specialists - wholesale trade,"9,015","7,110","1,905"
62101 Retail and wholesale buyers,"3,995","1,630","2,370"
622 Specialized services occupations,"8,800","6,350","2,450"
6220 Specialized occupations in services,"8,800","6,350","2,450"
62200 Chefs,"7,995","6,005","1,985"
62201 Funeral directors and embalmers,530,240,295
"62202 Jewellers, jewellery and watch repairers and related occupations",275,100,175
63 Occupations in sales and services,"77,665","30,885","46,780"
631 Occupations in sales,"26,570","11,410","15,160"
"6310 Insurance, real estate and financial sales occupations","26,570","11,410","15,160"
63100 Insurance agents and brokers,"9,400","3,440","5,960"
63101 Real estate agents and salespersons,"10,860","5,950","4,910"
63102 Financial sales representatives,"6,315","2,020","4,295"
632 Occupations in services,"51,095","19,475","31,620"
"6320 Cooks, butchers and bakers","29,850","16,440","13,410"
63200 Cooks,"23,515","14,165","9,350"
63201 Butchers - retail and wholesale,545,430,115
63202 Bakers,"5,790","1,845","3,945"
6321 Hairstylists and estheticians,"20,860","2,765","18,095"
63210 Hairstylists and barbers,"11,915","1,905","10,010"
"63211 Estheticians, electrologists and related occupations","8,945",860,"8,085"
"6322 Shoe repairers, shoemakers and upholsterers",390,275,115
63220 Shoe repairers and shoemakers,65,60,10
63221 Upholsterers,320,215,110
64 Sales and service representatives and other customer and personal services occupations,"160,040","68,175","91,870"
641 Retail salespersons and non-technical wholesale trade sales and account representatives,"95,360","42,555","52,810"
6410 Retail salespersons and non-technical wholesale trade sales and account representatives,"95,360","42,555","52,810"
64100 Retail salespersons and visual merchandisers,"87,885","37,490","50,390"
64101 Sales and account representatives - wholesale trade (non-technical),"7,480","5,060","2,415"
642 Occupations in personal service,"2,080",245,"1,840"
6420 Occupations in personal service,"2,080",245,"1,840"
"64200 Tailors, dressmakers, furriers and milliners","1,695",170,"1,535"
"64201 Image, social and other personal consultants",385,75,305
"643 Occupations in food, accommodation and tourism","18,020","5,330","12,690"
6430 Occupations in food and beverage service,"7,955","2,370","5,585"
64300 Maîtres d'hôtel and hosts/hostesses,"3,305",440,"2,860"
64301 Bartenders,"4,655","1,925","2,725"
6431 Occupations in travel and accommodation,"8,265","2,090","6,175"
64310 Travel counsellors,"1,985",385,"1,600"
64311 Pursers and flight attendants,"1,695",260,"1,435"
64312 Airline ticket and service agents,"1,635",465,"1,170"
"64313 Ground and water transport ticket agents, cargo service representatives and related clerks",60,30,30
64314 Hotel front desk clerks,"2,890",955,"1,935"
6432 Tourism and amusement services occupations,"1,805",875,925
64320 Tour and travel guides,185,85,100
64321 Casino workers,"1,330",560,770
64322 Outdoor sport and recreational guides,285,230,55
"644 Occupations in customer, information and protective services","44,580","20,050","24,530"
6440 Customer and information services representatives,"30,055","9,355","20,700"
64400 Customer services representatives - financial institutions,"5,670",995,"4,675"
64401 Postal services representatives,910,335,575
64409 Other customer and information services representatives,"23,470","8,020","15,450"
6441 Security guards and related security service occupations,"14,530","10,695","3,835"
64410 Security guards and related security service occupations,"14,530","10,695","3,835"
65 Sales and service support occupations,"230,805","82,240","148,565"
651 Sales support occupations,"78,525","29,085","49,445"
6510 Cashiers and other sales support occupations,"78,525","29,085","49,445"
65100 Cashiers,"44,740","10,720","34,025"
65101 Service station attendants,"1,045",750,295
"65102 Store shelf stockers, clerks and order fillers","28,480","16,455","12,020"
65109 Other sales related occupations,"4,265","1,160","3,105"
"652 Support occupations in food, accommodation and tourism","86,425","28,635","57,790"
6520 Food support occupations,"75,450","24,360","51,095"
65200 Food and beverage servers,"19,445","3,695","15,745"
"65201 Food counter attendants, kitchen helpers and related support occupations","54,925","19,795","35,130"
65202 Meat cutters and fishmongers - retail and wholesale,"1,085",865,220
"6521 Support occupations in accommodation, travel, tourism and amusement services","6,230","3,575","2,650"
"65210 Support occupations in accommodation, travel and facilities set-up services",345,280,65
"65211 Operators and attendants in amusement, recreation and sport","5,880","3,290","2,590"
6522 Support occupations in personal services,"4,745",705,"4,040"
65220 Pet groomers and animal care workers,"4,315",635,"3,685"
65229 Other support occupations in personal services,430,70,360
653 Support occupations in cleaning and related services,"65,850","24,525","41,330"
6531 Cleaners,"60,775","22,470","38,300"
65310 Light duty cleaners,"35,960","8,480","27,480"
65311 Specialized cleaners,"7,805","6,130","1,675"
"65312 Janitors, caretakers and heavy-duty cleaners","17,010","7,865","9,145"
6532 Service support and related occupations,"5,075","2,050","3,030"
"65320 Dry cleaning, laundry and related occupations","2,120",465,"1,655"
65329 Other service support occupations,"2,965","1,585","1,375"
"7 Trades, transport and equipment operators and related occupations","477,810","430,740","47,060"
70 Middle management occupations in trades and transportation,"39,750","32,605","7,140"
700 Middle management occupations in trades and transportation,"39,750","32,605","7,140"
7001 Managers in construction and facility operation and maintenance,"33,700","28,045","5,655"
70010 Construction managers,"15,120","13,265","1,850"
70011 Home building and renovation managers,"7,085","6,335",750
70012 Facility operation and maintenance managers,"11,500","8,445","3,055"
7002 Managers in transportation and postal and courier services,"6,045","4,565","1,490"
70020 Managers in transportation,"5,575","4,315","1,260"
70021 Postal and courier services managers,470,245,220
72 Technical trades and transportation officers and controllers,"190,830","182,640","8,190"
720 Technical trades contractors and supervisors,"32,305","29,545","2,765"
"7201 Contractors and supervisors, technical industrial, electrical and construction trades and related workers","18,115","17,015","1,100"
"72010 Contractors and supervisors, machining, metal forming, shaping and erecting trades and related occupations","2,170","2,100",75
"72011 Contractors and supervisors, electrical trades and telecommunications occupations","3,525","3,365",160
"72012 Contractors and supervisors, pipefitting trades","1,675","1,610",65
"72013 Contractors and supervisors, carpentry trades","2,095","2,050",45
"72014 Contractors and supervisors, other construction trades, installers, repairers and servicers","8,650","7,890",760
"7202 Contractors and supervisors, technical maintenance trades and heavy equipment and transport operators","14,195","12,530","1,665"
"72020 Contractors and supervisors, mechanic trades","3,730","3,570",155
"72021 Contractors and supervisors, heavy equipment operator crews","7,560","7,270",290
"72022 Supervisors, printing and related occupations",195,130,65
"72023 Supervisors, railway transport operations",210,175,35
"72024 Supervisors, motor transport and other ground transit operators","1,660","1,085",575
"72025 Supervisors, mail and message distribution occupations",835,300,535
721 Technical industrial trades,"28,275","27,430",845
"7210 Machining, metal forming, shaping and erecting trades","28,275","27,430",845
72100 Machinists and machining and tooling inspectors,"4,100","4,010",90
72101 Tool and die makers,260,240,15
72102 Sheet metal workers,"2,595","2,510",90
72103 Boilermakers,985,970,20
72104 Structural metal and platework fabricators and fitters,705,705,0
72105 Ironworkers,"2,080","2,020",65
72106 Welders and related machine operators,"17,545","16,975",570
722 Technical electrical trades,"27,245","26,310",930
7220 Technical electrical trades and electrical power line and telecommunications workers,"27,245","26,310",930
72200 Electricians (except industrial and power system),"16,425","15,825",595
72201 Industrial electricians,"4,775","4,685",95
72202 Power system electricians,890,880,10
72203 Electrical power line and cable workers,"1,875","1,830",45
72204 Telecommunications line and cable installers and repairers,"1,120","1,085",35
72205 Telecommunications equipment installation and cable television service technicians,"2,160","2,005",150
723 Technical construction trades,"41,015","39,435","1,585"
"7230 Plumbers, pipefitters and gas fitters","16,410","15,965",445
72300 Plumbers,"8,795","8,560",235
"72301 Steamfitters, pipefitters and sprinkler system installers","6,655","6,475",185
72302 Gas fitters,965,940,25
7231 Carpenters and cabinetmakers,"20,335","19,505",830
72310 Carpenters,"18,585","17,935",650
72311 Cabinetmakers,"1,745","1,570",180
7232 Bricklayers and insulators,"4,270","3,960",310
72320 Bricklayers,"1,295","1,275",25
72321 Insulators,"2,970","2,685",290
724 Technical maintenance trades,"54,290","52,985","1,310"
7240 Machinery and transportation equipment mechanics (except motor vehicles),"28,345","27,830",515
72400 Construction millwrights and industrial mechanics,"8,375","8,260",115
72401 Heavy-duty equipment mechanics,"13,285","13,055",230
"72402 Heating, refrigeration and air conditioning mechanics","3,500","3,430",75
72403 Railway carmen/women,365,355,10
72404 Aircraft mechanics and aircraft inspectors,"2,070","1,995",75
72405 Machine fitters,130,120,0
72406 Elevator constructors and mechanics,620,620,0
7241 Automotive service technicians,"23,690","23,020",670
"72410 Automotive service technicians, truck and bus mechanics and mechanical repairers","19,320","18,855",470
"72411 Auto body collision, refinishing and glass technicians and damage repair estimators","4,370","4,170",200
7242 Small engine and equipment mechanics and related repairers (including electrical components),"2,260","2,130",130
72420 Oil and solid fuel heating mechanics,115,115,0
72421 Appliance servicers and repairers,640,595,40
72422 Electrical mechanics,420,390,30
"72423 Motorcycle, all-terrain vehicle and other related mechanics",830,785,50
72429 Other small engine and small equipment repairers,260,250,10
725 Technical equipment operation trades,"2,365","2,280",85
7250 Crane operators and water well drillers,"2,365","2,280",85
72500 Crane operators,"2,235","2,160",70
72501 Water well drillers,130,120,10
726 Transportation officers and controllers,"4,030","3,500",525
7260 Transportation officers and controllers,"4,030","3,500",525
"72600 Air pilots, flight engineers and flying instructors","2,790","2,580",205
72601 Air traffic controllers and related occupations,640,460,180
"72602 Deck officers, water transport",85,85,0
"72603 Engineer officers, water transport",25,25,0
72604 Railway traffic controllers and marine traffic regulators,490,355,135
729 Other technical trades,"1,300","1,155",150
7299 Other technical trades,"1,300","1,155",150
72999 Other technical trades and related occupations,"1,300","1,155",150
73 General trades,"133,985","120,450","13,525"
731 General construction trades,"19,520","17,555","1,970"
"7310 Concrete finishers, tilesetters and plasterers","7,125","6,735",390
73100 Concrete finishers,"1,435","1,415",25
73101 Tilesetters,"1,225","1,135",90
"73102 Plasterers, drywall installers and finishers and lathers","4,470","4,190",275
"7311 Roofers, glaziers, painters, decorators and floor covering installers","12,395","10,820","1,575"
73110 Roofers and shinglers,"3,110","3,025",90
73111 Glaziers,"1,345","1,305",40
73112 Painters and decorators (except interior decorators),"6,150","4,775","1,375"
73113 Floor covering installers,"1,795","1,715",80
"732 Building maintenance installers, servicers and repairers","23,010","21,310","1,700"
"7320 Building maintenance installers, servicers and repairers","23,010","21,310","1,700"
73200 Residential and commercial installers and servicers,"7,470","7,050",420
73201 General building maintenance workers and building superintendents,"13,160","12,050","1,115"
73202 Pest controllers and fumigators,370,315,55
73209 Other repairers and servicers,"2,010","1,895",115
733 Transportation occupations,"69,840","61,985","7,855"
7330 Transport truck and transit drivers,"67,730","60,015","7,715"
73300 Transport truck drivers,"54,550","52,045","2,505"
"73301 Bus drivers, subway operators and other transit operators","13,180","7,970","5,215"
7331 Train crew operating occupations,"2,110","1,970",135
73310 Railway and yard locomotive engineers,985,915,75
73311 Railway conductors and brakemen/women,"1,120","1,065",65
"734 Operators, drillers and blasters","21,605","19,605","2,005"
"7340 Operators, drillers and blasters","21,605","19,605","2,005"
73400 Heavy equipment operators,"20,205","18,345","1,860"
73401 Printing press operators,805,660,140
"73402 Drillers and blasters - surface mining, quarrying and construction",600,600,0
"74 Mail and message distribution, other transport equipment operators and related maintenance workers","20,935","15,890","5,045"
741 Mail and message distribution occupations,"11,345","7,060","4,280"
7410 Mail and message distribution occupations,"11,345","7,060","4,280"
74100 Mail and parcel sorters and related occupations,"2,605","1,230","1,375"
74101 Letter carriers,"4,000","1,965","2,035"
74102 Couriers and messengers,"4,740","3,870",870
"742 Transport equipment operators, utility maintenance and related workers","9,590","8,825",765
"7420 Transport equipment operators, utility maintenance and related maintenance workers","9,590","8,825",765
74200 Railway yard and track maintenance workers,850,820,30
74201 Water transport deck and engine room crew,115,95,25
74202 Air transport ramp attendants,"1,535","1,365",165
74203 Automotive and heavy truck and equipment parts installers and servicers,"3,550","3,320",235
74204 Utility maintenance workers,"1,625","1,450",175
74205 Public works maintenance equipment operators and related workers,"1,910","1,775",135
"75 Helpers and labourers and other transport drivers, operators and labourers","92,315","79,160","13,160"
751 Helpers and labourers,"65,665","56,600","9,065"
7510 Longshore workers and material handlers,"28,760","23,230","5,535"
75100 Longshore workers,15,15,0
75101 Material handlers,"28,745","23,210","5,535"
7511 Trades helpers and labourers,"36,900","33,370","3,535"
75110 Construction trades helpers and labourers,"34,520","31,210","3,315"
75119 Other trades helpers and labourers,"2,375","2,160",215
"752 Transport drivers, operators and labourers","26,650","22,560","4,090"
"7520 Taxi, personal service and delivery service drivers","21,885","18,565","3,315"
75200 Taxi and limousine drivers and chauffeurs,"7,555","6,960",595
75201 Delivery service drivers and door-to-door distributors,"14,330","11,605","2,720"
7521 Water and rail transport operators and labourers and related occupations,"4,765","3,990",775
75210 Boat and cable ferry operators and related occupations,55,35,20
75211 Railway and motor transport labourers,850,750,100
75212 Public works and maintenance labourers,"3,865","3,210",655
"8 Natural resources, agriculture and related production occupations","111,490","86,110","25,375"
80 Middle management occupations in production and agriculture,"40,545","29,435","11,105"
800 Middle management occupations in production and agriculture,"40,545","29,435","11,105"
8001 Managers in natural resources production and fishing,"3,880","3,485",400
80010 Managers in natural resources production and fishing,"3,880","3,485",400
"8002 Managers in agriculture, horticulture and aquaculture","36,660","25,950","10,710"
80020 Managers in agriculture,"36,195","25,700","10,495"
80021 Managers in horticulture,445,235,215
80022 Managers in aquaculture,20,20,0
"82 Supervisors in natural resources, agriculture and related production","14,715","13,455","1,260"
"820 Supervisors in natural resources, agriculture and related production","14,715","13,455","1,260"
"8201 Supervisors, logging and forestry","1,480","1,405",75
"82010 Supervisors, logging and forestry","1,480","1,405",75
"8202 Contractors and supervisors, mining, oil and gas","9,670","9,135",535
"82020 Supervisors, mining and quarrying",905,835,75
"82021 Contractors and supervisors, oil and gas drilling and services","8,765","8,300",465
"8203 Contractors and supervisors, agriculture, horticulture and related operations and services","3,565","2,915",650
82030 Agricultural service contractors and farm supervisors,425,365,60
"82031 Contractors and supervisors, landscaping, grounds maintenance and horticulture services","3,140","2,545",590
83 Occupations in natural resources and related production,"5,460","5,085",375
831 Occupations in natural resources and fisheries,"5,460","5,085",375
"8310 Underground miners, oil and gas drillers and related occupations","4,685","4,345",335
83100 Underground production and development miners,455,405,50
"83101 Oil and gas well drillers, servicers, testers and related workers","4,225","3,940",280
8311 Logging machinery operators,745,710,30
83110 Logging machinery operators,745,710,30
8312 Fishing vessel masters and fishermen/women,30,30,0
83120 Fishing masters and officers,0,0,0
83121 Fishermen/women,25,20,0
"84 Workers in natural resources, agriculture and related production","14,370","11,480","2,890"
841 Workers in natural resources and fisheries,"14,370","11,480","2,890"
8410 Mine service workers and operators in oil and gas drilling,"4,475","4,315",160
84100 Underground mine service and support workers,160,160,0
84101 Oil and gas well drilling and related workers and services operators,"4,320","4,160",160
8411 Logging and forestry workers,"1,280","1,080",200
84110 Chain saw and skidder operators,510,465,45
84111 Silviculture and forestry workers,770,615,155
8412 Workers in agriculture and fishing occupations,"8,615","6,080","2,535"
84120 Specialized livestock workers and farm machinery operators,"8,530","6,005","2,525"
84121 Fishing vessel deckhands,85,75,10
"85 Harvesting, landscaping and natural resources labourers","36,405","26,660","9,745"
"851 Harvesting, landscaping and natural resources labourers","36,405","26,660","9,745"
"8510 Agriculture, horticulture and harvesting labourers and related occupations","9,745","5,070","4,675"
85100 Livestock labourers,"6,100","3,490","2,615"
85101 Harvesting labourers,"1,125",585,540
85102 Aquaculture and marine harvest labourers,10,0,0
85103 Nursery and greenhouse labourers,"2,465",955,"1,510"
85104 Trappers and hunters,40,40,0
"8511 Mine and oil and gas drilling, services and related labourers","5,630","5,200",425
85110 Mine labourers,185,140,50
"85111 Oil and gas drilling, servicing and related labourers","5,440","5,065",380
"8512 Logging, forestry, landscaping and other related labourers","21,035","16,385","4,650"
85120 Logging and forestry labourers,430,285,145
85121 Landscaping and grounds maintenance labourers,"20,600","16,100","4,500"
9 Occupations in manufacturing and utilities,"90,130","70,930","19,200"
90 Middle management occupations in manufacturing and utilities,"9,285","7,625","1,655"
900 Middle management occupations in manufacturing and utilities,"9,285","7,625","1,655"
9001 Managers in manufacturing and utilities,"9,285","7,625","1,655"
90010 Manufacturing managers,"6,715","5,515","1,200"
90011 Utilities managers,"2,565","2,105",465
"92 Processing, manufacturing and utilities supervisors and utilities operators and controllers","18,040","16,205","1,835"
"920 Supervisors, processing, manufacturing, assembly and fabrication occupations","5,960","5,065",900
"9201 Supervisors, processing and manufacturing occupations","5,335","4,540",795
"92010 Supervisors, mineral and metal processing",415,395,15
"92011 Supervisors, petroleum, gas and chemical processing and utilities","2,825","2,530",295
"92012 Supervisors, food and beverage processing","1,300",915,380
"92013 Supervisors, plastic and rubber products manufacturing",235,205,30
"92014 Supervisors, forest products processing",505,460,45
"92015 Supervisors, textile, fabric, fur and leather products processing and manufacturing",60,25,35
"9202 Supervisors, assembly and fabrication",630,525,105
"92020 Supervisors, motor vehicle assembling",70,55,15
"92021 Supervisors, electronics and electrical products manufacturing",145,120,30
"92022 Supervisors, furniture and fixtures manufacturing",50,40,15
"92023 Supervisors, other mechanical and metal products manufacturing",195,175,15
"92024 Supervisors, other products manufacturing and assembly",175,135,35
921 Utilities equipment operators and controllers,"12,075","11,135",935
9210 Utilities equipment operators and controllers,"12,075","11,135",935
92100 Power engineers and power systems operators,"9,845","9,215",630
92101 Water and waste treatment plant operators,"2,225","1,920",305
93 Central control and process operators and aircraft assembly assemblers and inspectors,"10,655","9,885",765
931 Central control and process operators in processing and manufacturing,"10,620","9,855",760
9310 Central control and process operators in processing and manufacturing,"10,620","9,855",760
"93100 Central control and process operators, mineral and metal processing",230,215,15
"93101 Central control and process operators, petroleum, gas and chemical processing","10,315","9,575",745
"93102 Pulping, papermaking and coating control operators",70,65,0
932 Aircraft assemblers and aircraft assembly inspectors,35,30,0
9320 Aircraft assemblers and aircraft assembly inspectors,35,30,0
93200 Aircraft assemblers and aircraft assembly inspectors,35,30,0
"94 Machine operators, assemblers and inspectors in processing, manufacturing and printing","28,685","21,765","6,915"
941 Processing and manufacturing machine operators and related production workers,"19,345","14,225","5,120"
9410 Machine operators and related workers in mineral and metal products processing and manufacturing,"3,025","2,810",220
"94100 Machine operators, mineral and metal processing",410,360,45
94101 Foundry workers,25,20,0
94102 Glass forming and finishing machine operators and glass cutters,210,185,25
"94103 Concrete, clay and stone forming operators",335,315,20
"94104 Inspectors and testers, mineral and metal processing",265,235,30
94105 Metalworking and forging machine operators,980,935,45
94106 Machining tool operators,580,555,25
94107 Machine operators of other metal products,220,210,15
"9411 Machine operators and related workers in chemical, plastic and rubber processing","2,045","1,815",230
94110 Chemical plant machine operators,985,910,75
94111 Plastics processing machine operators,740,620,125
94112 Rubber processing machine operators and related workers,315,285,25
9412 Machine operators and related workers in pulp and paper production and wood processing and manufacturing,"2,050","1,790",255
94120 Sawmill machine operators,820,715,105
"94121 Pulp mill, papermaking and finishing machine operators",430,395,35
94122 Paper converting machine operators,70,55,15
94123 Lumber graders and other wood processing inspectors and graders,210,155,55
94124 Woodworking machine operators,305,265,35
94129 Other wood processing machine operators,215,205,15
"9413 Machine operators and related workers in textile, fabric, fur and leather products processing and manufacturing","1,155",205,950
"94130 Textile fibre and yarn, hide and pelt processing machine operators and workers",160,100,55
"94131 Weavers, knitters and other fabric making occupations",260,55,205
94132 Industrial sewing machine operators,715,35,675
"94133 Inspectors and graders, textile, fabric, fur and leather products manufacturing",25,15,20
"9414 Machine operators and related workers in food, beverage and associated products processing","9,860","6,920","2,940"
"94140 Process control and machine operators, food and beverage processing","4,385","3,435",950
"94141 Industrial butchers and meat cutters, poultry preparers and related workers","4,515","3,130","1,385"
94142 Fish and seafood plant workers,35,25,10
"94143 Testers and graders, food and beverage processing",925,330,595
9415 Printing equipment operators and related occupations,"1,210",685,525
94150 Plateless printing equipment operators,550,360,190
"94151 Camera, platemaking and other prepress occupations",150,105,40
94152 Binding and finishing machine operators,385,165,220
94153 Photographic and film processors,130,55,75
942 Assemblers and inspectors in manufacturing,"9,345","7,545","1,795"
"9420 Mechanical, electrical and electronics assemblers and inspectors","3,400","2,630",770
"94200 Motor vehicle assemblers, inspectors and testers",815,655,160
"94201 Electronics assemblers, fabricators, inspectors and testers",815,430,380
"94202 Assemblers and inspectors, electrical appliance, apparatus and equipment manufacturing",815,730,90
"94203 Assemblers, fabricators and inspectors, industrial electrical motors and transformers",195,170,25
94204 Mechanical assemblers and inspectors,650,585,70
"94205 Machine operators and inspectors, electrical apparatus manufacturing",110,65,45
"9421 Furniture, wood, plastic and other products assemblers, finishers and inspectors","5,945","4,915","1,035"
"94210 Furniture and fixture assemblers, finishers, refinishers and inspectors","1,355","1,085",270
94211 Assemblers and inspectors of other wood products,675,625,50
"94212 Plastic products assemblers, finishers and inspectors",225,145,80
"94213 Industrial painters, coaters and metal finishing process operators","1,830","1,670",160
"94219 Other products assemblers, finishers and inspectors","1,855","1,385",470
"95 Labourers in processing, manufacturing and utilities","23,470","15,455","8,020"
"951 Labourers in processing, manufacturing and utilities","23,470","15,455","8,020"
"9510 Labourers in processing, manufacturing and utilities","23,470","15,455","8,020"
95100 Labourers in mineral and metal processing,895,845,55
95101 Labourers in metal fabrication,"1,820","1,640",180
95102 Labourers in chemical products processing and utilities,"1,260",925,330
"95103 Labourers in wood, pulp and paper processing","1,520","1,315",200
95104 Labourers in rubber and plastic products manufacturing,545,420,125
95105 Labourers in textile processing and cutting,280,125,155
95106 Labourers in food and beverage processing,"9,290","4,510","4,780"
95107 Labourers in fish and seafood processing,40,20,10
"95109 Other labourers in processing, manufacturing and utilities","7,835","5,655","2,180"
